surveyID,email,musicID,genreID,userRating
1,hbernetti0@a8.net,1,921,1
2,lwren1@usnews.com,2,921,5
3,abellelli2@about.com,3,921,4
4,abouttell3@wired.com,4,921,5
5,dmaccollom4@addthis.com,5,921,1
6,kcuvley5@answers.com,6,921,4
7,bpearson6@123-reg.co.uk,7,921,2
8,sjerrard7@netlog.com,8,921,5
9,hizakof8@etsy.com,9,921,2
10,csommerton9@ehow.com,10,921,2
11,bflindalla@tmall.com,11,921,2
12,lhymusb@weather.com,12,921,5
13,jbleasdalec@webeden.co.uk,13,921,3
14,gcrottaghd@cdbaby.com,14,921,3
15,bshafiere@about.me,15,921,5
16,csweedlandf@twitpic.com,16,921,4
17,cwaudbyg@dropbox.com,17,921,4
18,bmuntonh@artisteer.com,18,921,1
19,mcosgreavei@youtube.com,19,921,5
20,imoritj@hp.com,20,921,5
21,ccaselk@chron.com,21,922,3
22,wplacidol@usgs.gov,22,922,3
23,lcattanachm@tuttocitta.it,23,922,2
24,edowzelln@tinyurl.com,24,922,5
25,gpadulao@unc.edu,25,922,1
26,ldeverillep@noaa.gov,26,922,1
27,hbricketq@washingtonpost.com,27,922,4
28,greaganr@cafepress.com,28,922,4
29,jpelosis@sun.com,29,922,1
30,dhanhartt@psu.edu,30,922,4
31,jjohnu@nature.com,31,922,1
32,tglencorsev@tinyurl.com,32,922,2
33,ltooheyw@cyberchimps.com,33,922,5
34,ndeaguirrex@whitehouse.gov,34,922,5
35,wbramwelly@ask.com,35,922,2
36,lcuolahanz@infoseek.co.jp,36,922,2
37,gpoizer10@behance.net,37,922,4
38,rinkin11@nbcnews.com,38,922,2
39,mhuriche12@ning.com,39,922,5
40,kjurick13@auda.org.au,40,922,1
41,rmacieja14@deviantart.com,41,922,2
42,clidington15@archive.org,42,922,1
43,packlands16@geocities.com,43,922,1
44,bbrose17@dailymotion.com,44,922,3
45,jtwitching18@vinaora.com,45,922,3
46,gmundow19@acquirethisname.com,46,922,4
47,cbray1a@accuweather.com,47,923,5
48,tsnugg1b@seesaa.net,48,923,2
49,sbadland1c@delicious.com,49,923,4
50,bgair1d@yolasite.com,50,923,3
51,nhavik1e@oracle.com,51,923,1
52,hgebby1f@jalbum.net,52,923,3
53,tmonsey1g@google.it,53,923,1
54,cdripp1h@apache.org,54,923,2
55,ggoullee1i@homestead.com,55,923,3
56,ntibb1j@washington.edu,56,923,3
57,tmacpeice1k@bigcartel.com,57,923,3
58,vfosher1l@uiuc.edu,58,923,1
59,mkitchen1m@webmd.com,59,923,3
60,ghaws1n@samsung.com,60,923,3
61,sjaggs1o@shutterfly.com,61,923,3
62,gduding1p@eventbrite.com,62,923,3
63,edutnall1q@a8.net,63,923,1
64,rkeyse1r@reference.com,64,923,1
65,dpardey1s@japanpost.jp,65,923,4
66,sgoodsall1t@vistaprint.com,66,923,5
67,mstackbridge1u@themeforest.net,67,923,1
68,lkyle1v@nbcnews.com,68,923,4
69,mtrowsdall1w@sina.com.cn,69,923,5
70,msonghurst1x@oakley.com,70,923,4
71,mprewer1y@naver.com,71,923,4
72,rkeyser1z@prweb.com,72,923,2
73,ahackelton20@miitbeian.gov.cn,73,923,4
74,ksouthers21@ucsd.edu,74,923,3
75,hblenkinsop22@nsw.gov.au,75,923,3
76,vdelatour23@seesaa.net,76,923,3
77,snowakowski24@ftc.gov,77,923,5
78,mdrowsfield25@who.int,78,923,3
79,awodham26@angelfire.com,79,923,4
80,sgwilliam27@gnu.org,80,923,1
81,lsperry28@weather.com,81,923,1
82,clockney29@cloudflare.com,82,923,3
83,kangrove2a@sakura.ne.jp,83,923,2
84,ndenisovo2b@smugmug.com,84,923,4
85,cwenn2c@sourceforge.net,85,923,3
86,mdowner2d@house.gov,86,923,5
87,hgoldney2e@multiply.com,87,923,3
88,mlenahan2f@meetup.com,88,923,4
89,dbaylie2g@dion.ne.jp,89,923,2
90,pmattisson2h@mail.ru,90,923,1
91,lheadford2i@tripadvisor.com,91,923,2
92,ufinlan2j@flavors.me,92,923,2
93,gdieton2k@cdbaby.com,93,14,4
94,tosullivan2l@oracle.com,94,14,4
95,abowers2m@hao123.com,95,14,5
96,tlambourn2n@shinystat.com,96,14,1
97,twackett2o@nasa.gov,97,14,3
98,chambribe2p@timesonline.co.uk,98,14,5
99,krawes2q@4shared.com,99,14,3
100,nkinavan2r@indiegogo.com,100,14,5
101,cdametti2s@booking.com,101,14,4
102,kdodswell2t@spotify.com,102,14,1
103,mphilipson2u@google.de,103,14,1
104,tcranstone2v@addthis.com,104,14,2
105,jgaffer2w@goodreads.com,105,14,5
106,nlawless2x@bloglines.com,106,14,5
107,lwhall2y@dagondesign.com,107,14,2
108,lcuttin2z@123-reg.co.uk,108,14,2
109,llillie30@freewebs.com,109,14,5
110,acockman31@t.co,110,14,2
111,bsibbson32@surveymonkey.com,111,14,2
112,bhuortic33@rambler.ru,112,14,3
113,mmacrannell34@walmart.com,113,14,5
114,jcarcass35@newsvine.com,114,14,4
115,jfitzharris36@github.io,115,14,1
116,bciementini37@scribd.com,116,14,5
117,felsley38@washington.edu,117,14,1
118,dhaw39@fema.gov,118,14,2
119,njulyan3a@google.co.jp,119,14,2
120,dhedman3b@mysql.com,120,14,4
121,afortman3c@indiegogo.com,121,14,1
122,pmanshaw3d@ucla.edu,122,14,5
123,rromanini3e@indiatimes.com,123,14,2
124,lcorkill3f@ftc.gov,124,14,5
125,aohartnett3g@devhub.com,125,14,5
126,mconklin3h@economist.com,126,14,1
127,gcogswell3i@desdev.cn,127,14,5
128,mmarqyes3j@wisc.edu,128,14,2
129,jburner3k@whitehouse.gov,129,14,5
130,daldwick3l@npr.org,130,14,1
131,rvooght3m@miibeian.gov.cn,131,14,4
132,sgummow3n@naver.com,132,14,2
133,frope3o@nature.com,133,12,3
134,cscoles3p@ft.com,134,12,5
135,aswinbourne3q@wired.com,135,12,1
136,rcoils3r@shop-pro.jp,136,12,2
137,civerson3s@jiathis.com,137,12,1
138,nflewett3t@illinois.edu,138,12,1
139,tgraalman3u@mysql.com,139,12,1
140,cbarwood3v@bloglovin.com,140,12,1
141,jskull3w@soup.io,141,12,5
142,ahehnke3x@va.gov,142,12,3
143,wbarles3y@princeton.edu,143,12,2
144,sscatchard3z@example.com,144,12,4
145,kkinmond40@about.me,145,12,2
146,dpettegree41@rediff.com,146,12,1
147,dlindenblatt42@walmart.com,147,12,2
148,bjeandillou43@state.tx.us,148,12,4
149,abernaldez44@live.com,149,12,5
150,mfossitt45@archive.org,150,12,2
151,cwapplington46@buzzfeed.com,151,12,4
152,wabels47@mlb.com,152,12,5
153,hsouthern48@omniture.com,153,12,2
154,mmeyrick49@ihg.com,154,12,1
155,jmarsie4a@microsoft.com,155,12,1
156,dlatch4b@google.ca,156,12,2
157,scoare4c@google.fr,157,12,5
158,askala4d@free.fr,158,12,3
159,fgolder4e@pen.io,159,12,3
160,rpeevor4f@amazon.com,160,12,5
161,rlangeley4g@hhs.gov,161,12,2
162,lsalle4h@histats.com,162,12,1
163,rmore4i@umn.edu,163,12,2
164,awearden4j@answers.com,164,12,5
165,mbaistow4k@google.nl,165,12,3
166,ecroston4l@spotify.com,166,12,4
167,pwallworke4m@blogs.com,167,12,5
168,ubelison4n@java.com,168,12,3
169,scordel4o@dedecms.com,169,12,3
170,ghoward4p@tiny.cc,170,12,3
171,mjulyan4q@privacy.gov.au,171,12,1
172,nkehri4r@bizjournals.com,172,12,4
173,tbenez4s@wordpress.com,173,12,2
174,fdawney4t@engadget.com,174,12,1
175,hfardon4u@telegraph.co.uk,175,12,2
176,wdevile4v@zdnet.com,176,12,5
177,cnapolitano4w@cdbaby.com,177,12,4
178,glarby4x@blinklist.com,178,12,3
179,lege4y@nifty.com,179,12,5
180,ahillett4z@istockphoto.com,180,12,1
181,dmontez50@ihg.com,181,12,3
182,eriatt51@globo.com,182,12,4
183,kcapewell52@youtu.be,183,12,3
184,dcrutchley53@wikispaces.com,184,12,1
185,agarman54@nbcnews.com,185,12,1
186,ddainter55@wordpress.org,186,12,1
187,gkalf56@sfgate.com,187,12,1
188,fshambroke57@cdc.gov,188,12,1
189,avarley58@prlog.org,189,12,4
190,habramson59@booking.com,190,12,5
191,sdewinton5a@telegraph.co.uk,191,12,5
192,ehassen5b@gizmodo.com,192,12,4
193,dwickrath5c@quantcast.com,193,12,1
194,nsporrij5d@ezinearticles.com,194,12,1
195,eferie5e@php.net,195,12,4
196,tslimming5f@youtube.com,196,12,5
197,mwyre5g@360.cn,197,12,5
198,aboulter5h@amazon.co.uk,198,12,4
199,bsloy5i@gnu.org,199,12,2
200,cketley5j@hc360.com,200,12,1
201,stiner5k@gravatar.com,201,12,1
202,mailmer5l@ca.gov,202,12,5
203,sglassard5m@infoseek.co.jp,203,12,2
204,griddell5n@state.gov,204,12,1
205,lswainson5o@nyu.edu,205,12,2
206,dbaudic5p@surveymonkey.com,206,12,3
207,ljerger5q@google.co.jp,207,12,4
208,rcaird5r@exblog.jp,208,12,3
209,ldunks5s@themeforest.net,209,12,1
210,fashbee5t@elegantthemes.com,210,12,3
211,hsuggitt5u@histats.com,211,12,3
212,cfirby5v@wisc.edu,212,12,5
213,cgounel5w@cbsnews.com,213,12,2
214,dbraisby5x@com.com,214,12,2
215,sgianni5y@biblegateway.com,215,12,2
216,tcock5z@twitter.com,216,12,3
217,jgerbi60@tinyurl.com,217,12,3
218,mraffeorty61@exblog.jp,218,12,1
219,mcull62@drupal.org,219,12,3
220,dparnby63@archive.org,220,12,2
221,glennard64@blogtalkradio.com,221,12,4
222,dfrays65@state.gov,222,12,3
223,scleaton66@imdb.com,223,12,4
224,bheersema67@loc.gov,224,12,3
225,hberceros68@latimes.com,225,12,3
226,glofty69@pen.io,226,12,5
227,mclaus6a@si.edu,227,12,1
228,truvel6b@friendfeed.com,228,12,5
229,cmaxwell6c@time.com,229,12,5
230,asollner6d@mac.com,230,12,3
231,shandrek6e@homestead.com,231,12,3
232,ddenver6f@mail.ru,232,12,2
233,aoen6g@microsoft.com,233,12,5
234,ggadsby6h@altervista.org,234,12,5
235,lrumble6i@wp.com,235,12,2
236,lmattingley6j@columbia.edu,236,13,1
237,smagor6k@admin.ch,237,13,3
238,amactavish6l@goo.ne.jp,238,13,3
239,fdavers6m@theatlantic.com,239,13,4
240,aropars6n@wiley.com,240,13,4
241,nbrimicombe6o@nba.com,241,13,4
242,cbrockman6p@earthlink.net,242,13,5
243,mwaddingham6q@smh.com.au,243,13,4
244,sfaichney6r@sakura.ne.jp,244,13,4
245,vcroughan6s@diigo.com,245,13,2
246,agokes6t@dagondesign.com,246,13,5
247,kchestnut6u@theguardian.com,247,13,4
248,hbrimson6v@i2i.jp,248,13,4
249,dsurr6w@whitehouse.gov,249,13,4
250,dcosty6x@a8.net,250,13,2
251,ccalender6y@pinterest.com,251,13,1
252,sgautrey6z@wunderground.com,252,13,5
253,rdobell70@weibo.com,253,13,3
254,llathom71@sourceforge.net,254,13,1
255,jlourenco72@smh.com.au,255,13,3
256,eclouston73@istockphoto.com,256,17,2
257,taddie74@imageshack.us,257,17,3
258,gcurrington75@google.cn,258,17,4
259,jstinson76@bloomberg.com,259,17,5
260,jburrus77@webeden.co.uk,260,17,3
261,kbradbeer78@webmd.com,261,17,5
262,scoster79@pbs.org,262,17,1
263,nblumire7a@prweb.com,263,17,1
264,fbyrd7b@yellowbook.com,264,17,2
265,bpooly7c@uiuc.edu,265,17,2
266,plongdon7d@opera.com,266,17,5
267,bkoenraad7e@privacy.gov.au,267,17,2
268,rmaffione7f@unesco.org,268,17,2
269,cbulcock7g@go.com,269,17,2
270,aledford7h@latimes.com,270,17,5
271,ematticci7i@com.com,271,17,3
272,npennycord7j@nih.gov,272,17,5
273,jcollington7k@wp.com,273,17,4
274,gnaisbet7l@taobao.com,274,17,3
275,mkarpychev7m@slate.com,275,17,5
276,cbertlin7n@xinhuanet.com,276,17,5
277,vkirkham7o@hao123.com,277,17,5
278,mcollumbell7p@china.com.cn,278,17,4
279,fdmisek7q@google.com.au,279,17,4
280,wstlouis7r@so-net.ne.jp,280,17,3
281,mhyndman7s@bigcartel.com,281,17,2
282,eannandale7t@unicef.org,282,17,1
283,mlewer7u@dion.ne.jp,283,17,3
284,aoxborrow7v@icio.us,284,17,3
285,ysans7w@oakley.com,285,17,3
286,brack7x@squarespace.com,286,17,1
287,pokker7y@blogs.com,287,17,3
288,ksturr7z@posterous.com,288,27,4
289,akillner80@myspace.com,289,27,2
290,mwrankmore81@usnews.com,290,27,4
291,lclarey82@bluehost.com,291,27,1
292,fnoble83@unesco.org,292,27,1
293,vcappineer84@vimeo.com,293,27,1
294,cadanez85@livejournal.com,294,27,2
295,gdennitts86@hp.com,295,27,4
296,tscottesmoor87@census.gov,296,27,3
297,dlytlle88@elegantthemes.com,297,27,2
298,dhercock89@mediafire.com,298,27,2
299,cswenson8a@oaic.gov.au,299,27,3
300,kmacwilliam8b@tinyurl.com,300,27,5
